questionText,trlLevel,technologyType,category,toolTip
Concept development completed or Prior Search Conducted,1,Agri-Aqua Device and Diagnostic Kits,Technology Status,
Potential users or target beneficiaries identified,1,Agri-Aqua Device and Diagnostic Kits,Market and Commercialization Status,
Initial prototype of device or diagnostic kit created,2,Agri-Aqua Device and Diagnostic Kits,,
First prototype or kit tested for basic functions,2,Agri-Aqua Device and Diagnostic Kits,,
Preliminary assessment of user requirements and operational feasibility,2,Agri-Aqua Device and Diagnostic Kits,,
"Working prototype/device refined for usability, accuracy, and/or portability",3,Agri-Aqua Device and Diagnostic Kits,,
"Tested for sensitivity, specificity, or measurement accuracy under lab conditions",3,Agri-Aqua Device and Diagnostic Kits,,
Proof of Potential Economic Viability,3,Agri-Aqua Device and Diagnostic Kits,,
Intellectual Property (IP) Protection Initiated,3,Agri-Aqua Device and Diagnostic Kits,,
Device/kit validated with positive result under laboratory or controlled field conditions,4,Agri-Aqua Device and Diagnostic Kits,,
"Analytical performance confirmed (detection limits, repeatability, or reliability)",4,Agri-Aqua Device and Diagnostic Kits,,
Intellectual Property (IP) Protection filed,4,Agri-Aqua Device and Diagnostic Kits,,
Accomplished Initial Business Model Canvas (BMC),4,Agri-Aqua Device and Diagnostic Kits,Market and Commercialization Status,
Freedom to Operate (FTO) Report Prepared,4,Agri-Aqua Device and Diagnostic Kits,,
Market Research conducted,4,Agri-Aqua Device and Diagnostic Kits,Market and Commercialization Status,
Identified Potential industry Partner for Industry Testing,4,Agri-Aqua Device and Diagnostic Kits,,
Device/kit tested under pilot-scale or semi-field conditions,5,Agri-Aqua Device and Diagnostic Kits,,
User Manual for device/kit established,5,Agri-Aqua Device and Diagnostic Kits,,
Product promotion Conducted,5,Agri-Aqua Device and Diagnostic Kits,,
Meetings with potential industry partners,5,Agri-Aqua Device and Diagnostic Kits,,
Agreements with industry parters for product testing secured,6,Agri-Aqua Device and Diagnostic Kits,,
Device performance tested in multiple locations,6,Agri-Aqua Device and Diagnostic Kits,,
Production/assembly manual established for scalable manufacturing,6,Agri-Aqua Device and Diagnostic Kits,,
Technology Commercialization Plan prepared,6,Agri-Aqua Device and Diagnostic Kits,,
IP Valuation Report Prepared,6,Agri-Aqua Device and Diagnostic Kits,,
Successful industry validation and replication of device/kit,7,Agri-Aqua Device and Diagnostic Kits,,
Standardized protocol/manual for industry-scale production/assembly of device/kit,7,Agri-Aqua Device and Diagnostic Kits,,
Secure Letter of Intent for Licensing,7,Agri-Aqua Device and Diagnostic Kits,,
Technology Licensing Terms Undergoing Negotiation,7,Agri-Aqua Device and Diagnostic Kits,,
Business Plan crafted,7,Agri-Aqua Device and Diagnostic Kits,Market and Commercialization Status,
Processing of Requirements for Bureau of Animal Industry (BAI) or Bureau of Fisheries and Aquatic Resources (BFAR) or third-party Validation,7,Agri-Aqua Device and Diagnostic Kits,,
Device/kit ready for commercial-scale production (replicable without error),8,Agri-Aqua Device and Diagnostic Kits,,
BAI/BFAR/Third-party Validated,8,Agri-Aqua Device and Diagnostic Kits,,
Technology Licensing Terms Negotiated,8,Agri-Aqua Device and Diagnostic Kits,,
Fairness Opinion Review requested,8,Agri-Aqua Device and Diagnostic Kits,Market and Commercialization Status,
Technology Licensing Agreement signed,9,Agri-Aqua Device and Diagnostic Kits,Industry Adoption Status,
Technology fully commercialized/Device or kit commercially available to target users,9,Agri-Aqua Device and Diagnostic Kits,Market and Commercialization Status,
Concept development completed or Prior Search Conducted,1,Agri-Aqua Machinery and Facility,Technology Status,
Potential users or target beneficiaries identified,1,Agri-Aqua Machinery and Facility,Market and Commercialization Status,
Blueprint or design of the machine/facility completed,2,Agri-Aqua Machinery and Facility,,
First prototype created,2,Agri-Aqua Machinery and Facility,Technology Status,
Initial assessment on the potential user,2,Agri-Aqua Machinery and Facility,Market and Commercialization Status,
Working prototype created,3,Agri-Aqua Machinery and Facility,,
Prototype tested for basic operational capability,3,Agri-Aqua Machinery and Facility,,
Proof of Potential Economic Viability,3,Agri-Aqua Machinery and Facility,,
Intellectual Property (IP) Protection Initiated,3,Agri-Aqua Machinery and Facility,,
Successfully operated under laboratory-scale or controlled conditions,4,Agri-Aqua Machinery and Facility,,
Intellectual Property (IP) Protection filed,4,Agri-Aqua Machinery and Facility,,
Accomplished Initial Business Model Canvas (BMC),4,Agri-Aqua Machinery and Facility,Market and Commercialization Status,
Freedom to Operate (FTO) Report Prepared,4,Agri-Aqua Machinery and Facility,,
Market Research conducted,4,Agri-Aqua Machinery and Facility,Market and Commercialization Status,
Identified Potential industry Partner for Industry Testing,4,Agri-Aqua Machinery and Facility,,
Machine/Facility stable during pilot-scale operation,5,Agri-Aqua Machinery and Facility,,
Manual of operation established,5,Agri-Aqua Machinery and Facility,,
Product promotion Conducted,5,Agri-Aqua Machinery and Facility,,
Meetings with potential industry partners,5,Agri-Aqua Machinery and Facility,,
Agreements with industry parters for product testing secured,6,Agri-Aqua Machinery and Facility,,
Multi-location testing conducted,6,Agri-Aqua Machinery and Facility,,
Production or fabrication manual established,6,Agri-Aqua Machinery and Facility,,
Preparing Requirements for Agricultural Machinery Testing and Evaluation Center (AMTEC) Certification,6,Agri-Aqua Machinery and Facility,,
Technology Commercialization Plan prepared,6,Agri-Aqua Machinery and Facility,,
IP Valuation Report Prepared,6,Agri-Aqua Machinery and Facility,,
Successful industry testing and validation,7,Agri-Aqua Machinery and Facility,,
First replication achieved,7,Agri-Aqua Machinery and Facility,,
Secure Letter of Intent for Licensing,7,Agri-Aqua Machinery and Facility,,
Technology Licensing Terms Undergoing Negotiation,7,Agri-Aqua Machinery and Facility,,
Business Plan crafted,7,Agri-Aqua Machinery and Facility,Market and Commercialization Status,
Ready for commercial-scale production (replicable/ operational without error),8,Agri-Aqua Machinery and Facility,,
AMTEC Certification Secured,8,Agri-Aqua Machinery and Facility,,
Technology Licensing Terms Negotiated,8,Agri-Aqua Machinery and Facility,,
Fairness Opinion Review requested,8,Agri-Aqua Machinery and Facility,Market and Commercialization Status,
Technology Licensing Agreement signed,9,Agri-Aqua Machinery and Facility,Industry Adoption Status,
Technology fully commercialized/Machine or facility commercially available to target users,9,Agri-Aqua Machinery and Facility,,
Concept Development Completed,1,Animal Biotechnology,Technology Status,
Potential end-users and target markets identified,1,Animal Biotechnology,Market and Commercialization Status,
Initial Experiments Conducted in Laboratory,2,Animal Biotechnology,,
DNA Sequence Identification/Profiling Conducted,2,Animal Biotechnology,,
Genetic Analytical Protocol Established,2,Animal Biotechnology,,
Preliminary Assessment of Potential User,2,Animal Biotechnology,,
Genetic Profiling Validated,3,Animal Biotechnology,,
Proof of Potential Economic Viability,3,Animal Biotechnology,,
Concept development completed or Prior Search Conducted,1,"Animal Feed, Feed Ingredients and Animal Nutrition",,
Potential users or target beneficiaries identified,1,"Animal Feed, Feed Ingredients and Animal Nutrition",,
Initial experiments conducted in laboratory (benchscale),2,"Animal Feed, Feed Ingredients and Animal Nutrition",,
Initial formulation created,2,"Animal Feed, Feed Ingredients and Animal Nutrition",,
Initial assessment on the potential user,2,"Animal Feed, Feed Ingredients and Animal Nutrition",Market and Commercialization Status,
Feeding Trial Experiments with Target Animals,3,"Animal Feed, Feed Ingredients and Animal Nutrition",,
Formulation optimized based on initial results of feeding trial (check if not applicable),3,"Animal Feed, Feed Ingredients and Animal Nutrition",,
Proximate Analysis Conducted,3,"Animal Feed, Feed Ingredients and Animal Nutrition",,
Proof of Potential Economic Viability,3,"Animal Feed, Feed Ingredients and Animal Nutrition",,
Intellectual Property (IP) Protection Initiated,3,"Animal Feed, Feed Ingredients and Animal Nutrition",,
Proximate analysis confirms nutritional adequacy,4,"Animal Feed, Feed Ingredients and Animal Nutrition",,
Passed Toxicity Evaluation,4,"Animal Feed, Feed Ingredients and Animal Nutrition",,
Established Storage Stability,4,"Animal Feed, Feed Ingredients and Animal Nutrition",,
Intellectual Property (IP) Protection filed,4,"Animal Feed, Feed Ingredients and Animal Nutrition",,
Accomplished Initial Business Model Canvas (BMC),4,"Animal Feed, Feed Ingredients and Animal Nutrition",Market and Commercialization Status,
Freedom to Operate (FTO) Report Prepared,4,"Animal Feed, Feed Ingredients and Animal Nutrition",,
Market Research conducted,4,"Animal Feed, Feed Ingredients and Animal Nutrition",Market and Commercialization Status,
Identified Potential industry Partner for Industry Testing,4,"Animal Feed, Feed Ingredients and Animal Nutrition",,
Product formulation for scaled-up pilot production,5,"Animal Feed, Feed Ingredients and Animal Nutrition",,
Pilot scale-based Manual of Production created,5,"Animal Feed, Feed Ingredients and Animal Nutrition",,
Product promotion and packaging conducted,5,"Animal Feed, Feed Ingredients and Animal Nutrition",,
Meetings with potential industry partners,5,"Animal Feed, Feed Ingredients and Animal Nutrition",,
Product tested for scaled-up pilot production,6,"Animal Feed, Feed Ingredients and Animal Nutrition",,
Agreements with industry parters for product testing secured,6,"Animal Feed, Feed Ingredients and Animal Nutrition",,
First industry-scale production completed,6,"Animal Feed, Feed Ingredients and Animal Nutrition",,
"Initial market tests conducted (trade shows, limited release)",6,"Animal Feed, Feed Ingredients and Animal Nutrition",,
Technology Commercialization Plan prepared,6,"Animal Feed, Feed Ingredients and Animal Nutrition",,
IP Valuation Report Prepared,6,"Animal Feed, Feed Ingredients and Animal Nutrition",,
Successful validation of industry-scale production,7,"Animal Feed, Feed Ingredients and Animal Nutrition",,
Standardized manual for industry-scale production established,7,"Animal Feed, Feed Ingredients and Animal Nutrition",,
Secure Letter of Intent for Licensing,7,"Animal Feed, Feed Ingredients and Animal Nutrition",,
Technology Licensing Terms Undergoing Negotiation,7,"Animal Feed, Feed Ingredients and Animal Nutrition",,
Business Plan crafted,7,"Animal Feed, Feed Ingredients and Animal Nutrition",Market and Commercialization Status,
Processing of Requirements for Bureau of Animal Industry (BAI) or Food and Drug Administration (FDA) Approval/Certification,7,"Animal Feed, Feed Ingredients and Animal Nutrition",,
Product ready for full-scale commercial production (replicable without error),8,"Animal Feed, Feed Ingredients and Animal Nutrition",,
BAI/FDA Approval or Certification Obtained,8,"Animal Feed, Feed Ingredients and Animal Nutrition",,
Technology Licensing Terms Negotiated,8,"Animal Feed, Feed Ingredients and Animal Nutrition",,
Fairness Opinion Review requested,8,"Animal Feed, Feed Ingredients and Animal Nutrition",Market and Commercialization Status,
Technology Licensing Agreement signed,9,"Animal Feed, Feed Ingredients and Animal Nutrition",Industry Adoption Status,
Technology fully commercialized/Product commercially available to target users,9,"Animal Feed, Feed Ingredients and Animal Nutrition",,
Concept development completed or Prior Search Conducted,1,Fertilizer and Pesticide (including Organic and Bio-based Products),Technology Status,
Potential users or target beneficiaries identified,1,Fertilizer and Pesticide (including Organic and Bio-based Products),Market and Commercialization Status,
Initial experiments conducted in laboratory (benchscale),2,Fertilizer and Pesticide (including Organic and Bio-based Products),,
First formulation created,2,Fertilizer and Pesticide (including Organic and Bio-based Products),,
Initial assessment on the potential user,2,Fertilizer and Pesticide (including Organic and Bio-based Products),Market and Commercialization Status,
"Formulated product initially tested under laboratory conditions (efficacy, stability, compatibility)",3,Fertilizer and Pesticide (including Organic and Bio-based Products),,
Formulation optimized based on initial animal response,3,Fertilizer and Pesticide (including Organic and Bio-based Products),,
Toxicity Test Conducted,3,Fertilizer and Pesticide (including Organic and Bio-based Products),,
Proof of Potential Economic Viability,3,Fertilizer and Pesticide (including Organic and Bio-based Products),,
Intellectual Property (IP) Protection Initiated,3,Fertilizer and Pesticide (including Organic and Bio-based Products),,
Positive experimental results on product efficacy under controlled conditions,4,Fertilizer and Pesticide (including Organic and Bio-based Products),,
Passed Toxicity Evaluation,4,Fertilizer and Pesticide (including Organic and Bio-based Products),,
Shelf stability established,4,Fertilizer and Pesticide (including Organic and Bio-based Products),,
Intellectual Property (IP) Protection filed,4,Fertilizer and Pesticide (including Organic and Bio-based Products),,
Accomplished Initial Business Model Canvas (BMC),4,Fertilizer and Pesticide (including Organic and Bio-based Products),Market and Commercialization Status,
Freedom to Operate (FTO) Report Prepared,4,Fertilizer and Pesticide (including Organic and Bio-based Products),,
Market Research conducted,4,Fertilizer and Pesticide (including Organic and Bio-based Products),Market and Commercialization Status,
Identified Potential industry Partner for Industry Testing,4,Fertilizer and Pesticide (including Organic and Bio-based Products),,
Product formulation for scaled-up pilot production,5,Fertilizer and Pesticide (including Organic and Bio-based Products),,
Pilot scale-based Manual of Production created,5,Fertilizer and Pesticide (including Organic and Bio-based Products),,
Product promotion and packaging conducted,5,Fertilizer and Pesticide (including Organic and Bio-based Products),,
Meetings with potential industry partners,5,Fertilizer and Pesticide (including Organic and Bio-based Products),,
Product tested for scaled-up pilot production,6,Fertilizer and Pesticide (including Organic and Bio-based Products),,
Agreements with industry parters for product testing secured,6,Fertilizer and Pesticide (including Organic and Bio-based Products),,
First industry-scale production completed,6,Fertilizer and Pesticide (including Organic and Bio-based Products),,
Initial market tests conducted (demonstration to farmers or distributors),6,Fertilizer and Pesticide (including Organic and Bio-based Products),,
Technology Commercialization Plan prepared,6,Fertilizer and Pesticide (including Organic and Bio-based Products),,
IP Valuation Report Prepared,6,Fertilizer and Pesticide (including Organic and Bio-based Products),,
Successful validation of industry-scale production,7,Fertilizer and Pesticide (including Organic and Bio-based Products),,
Standardized manual for industry-scale production established,7,Fertilizer and Pesticide (including Organic and Bio-based Products),,
Secure Letter of Intent for Licensing,7,Fertilizer and Pesticide (including Organic and Bio-based Products),,
Technology Licensing Terms Undergoing Negotiation,7,Fertilizer and Pesticide (including Organic and Bio-based Products),,
Business Plan crafted,7,Fertilizer and Pesticide (including Organic and Bio-based Products),Market and Commercialization Status,
Processing of Requirements for Fertilizer and Pesticide Authority (FPA) or Bureau of Agriculture and Fisheries Standards (BAFS) Approval/Certification,7,Fertilizer and Pesticide (including Organic and Bio-based Products),,
Product ready for full-scale commercial production (replicable without error),8,Fertilizer and Pesticide (including Organic and Bio-based Products),,
FPA/BAFS Registered,8,Fertilizer and Pesticide (including Organic and Bio-based Products),,
Technology Licensing Terms Negotiated,8,Fertilizer and Pesticide (including Organic and Bio-based Products),,
Fairness Opinion Review requested,8,Fertilizer and Pesticide (including Organic and Bio-based Products),Market and Commercialization Status,
Technology Licensing Agreement signed,9,Fertilizer and Pesticide (including Organic and Bio-based Products),Industry Adoption Status,
Technology fully commercialized/Product commercially available to target users,9,Fertilizer and Pesticide (including Organic and Bio-based Products),Market and Commercialization Status,
Concept development completed or Prior Search Conducted,1,"Food, Food Ingredients and Beverages",Technology Status,
Potential users or target beneficiaries identified,1,"Food, Food Ingredients and Beverages",Market and Commercialization Status,
Initial experiments conducted in laboratory (benchscale),2,"Food, Food Ingredients and Beverages",,
First prototype/formulation created for sensory analysis,2,"Food, Food Ingredients and Beverages",,
Internal/preliminary sensory screening conducted,2,"Food, Food Ingredients and Beverages",,
Initial assessment on the potential user,2,"Food, Food Ingredients and Beverages",Market and Commercialization Status,
Optimized formulation for highest sensory acceptability,3,"Food, Food Ingredients and Beverages",,
Proximate analysis conducted to assess chemical properties,3,"Food, Food Ingredients and Beverages",,
Proof of Potential Economic Viability,3,"Food, Food Ingredients and Beverages",,
Intellectual Property (IP) Protection Initiated,3,"Food, Food Ingredients and Beverages",,
Product validated through target consumer sensory testing,4,"Food, Food Ingredients and Beverages",,
Positive proximate analysis confirmed,4,"Food, Food Ingredients and Beverages",,
Shelf-life established at least under laboratory conditions,4,"Food, Food Ingredients and Beverages",,
Allergen profiling/screening conducted,4,"Food, Food Ingredients and Beverages",,
Intellectual Property (IP) Protection filed,4,"Food, Food Ingredients and Beverages",,
Accomplished Initial Business Model Canvas (BMC),4,"Food, Food Ingredients and Beverages",Market and Commercialization Status,
Freedom to Operate (FTO) Report Prepared,4,"Food, Food Ingredients and Beverages",,
Market Research is conducted,4,"Food, Food Ingredients and Beverages",Market and Commercialization Status,
Identified Potential industry Partner for Industry Testing,4,"Food, Food Ingredients and Beverages",,
Product formulation for scaled-up pilot production,5,"Food, Food Ingredients and Beverages",,
Pilot scale-based Manual of Production created,5,"Food, Food Ingredients and Beverages",,
Product promotion and packaging conducted,5,"Food, Food Ingredients and Beverages",,
Meetings with potential industry partners,5,"Food, Food Ingredients and Beverages",,
Product tested for scaled-up pilot production,6,"Food, Food Ingredients and Beverages",,
Agreements with industry parters for product testing secured,6,"Food, Food Ingredients and Beverages",,
First industry-scale production Initiated,6,"Food, Food Ingredients and Beverages",,
"Initial market tests conducted (trade shows, limited release)",6,"Food, Food Ingredients and Beverages",,
Technology Commercialization Plan prepared,6,"Food, Food Ingredients and Beverages",,
IP Valuation Report Prepared,6,"Food, Food Ingredients and Beverages",,
Successful validation of industry-scale production,7,"Food, Food Ingredients and Beverages",,
Standardized manual for industry-scale production established,7,"Food, Food Ingredients and Beverages",,
Secure Letter of Intent for Licensing,7,"Food, Food Ingredients and Beverages",,
Technology Licensing Terms Undergoing Negotiation,7,"Food, Food Ingredients and Beverages",,
Business Plan crafted,7,"Food, Food Ingredients and Beverages",Market and Commercialization Status,
Processing of Requirements for Food and Drug Administration (FDA) Approval/Certification,7,"Food, Food Ingredients and Beverages",,
Product ready for full-scale commercial production (replicable without error),8,"Food, Food Ingredients and Beverages",,
FDA Approval/Certification Obtained,8,"Food, Food Ingredients and Beverages",,
HACCP/HALAL Certified (if Necessary/Check if not applicable),8,"Food, Food Ingredients and Beverages",,
Technology Licensing Terms Negotiated,8,"Food, Food Ingredients and Beverages",,
Fairness Opinion Review requested,8,"Food, Food Ingredients and Beverages",Market and Commercialization Status,
Technology Licensing Agreement signed,9,"Food, Food Ingredients and Beverages",Industry Adoption Status,
Technology fully commercialized/Product commercially available to consumers,9,"Food, Food Ingredients and Beverages",Market and Commercialization Status,
Concept development completed or Prior Search Conducted,1,ICT (Apps and System involving IoT),Technology Status,
Potential users or target beneficiaries identified,1,ICT (Apps and System involving IoT),Market and Commercialization Status,
System design formulated,2,ICT (Apps and System involving IoT),,
Initial coding completed,2,ICT (Apps and System involving IoT),,
Initial assessment of potential user requirements and usability,2,ICT (Apps and System involving IoT),Market and Commercialization Status,
Source code completed,3,ICT (Apps and System involving IoT),,
Working system/application developed (integrated prototype),3,ICT (Apps and System involving IoT),,
Proof of Potential Economic Viability,3,ICT (Apps and System involving IoT),,
Intellectual Property (IP) Protection Initiated,3,ICT (Apps and System involving IoT),,
Alpha testing successfully conducted,4,ICT (Apps and System involving IoT),,
Intellectual Property (IP) Protection filed,4,ICT (Apps and System involving IoT),,
Accomplished Initial Business Model Canvas (BMC),4,ICT (Apps and System involving IoT),Market and Commercialization Status,
Freedom to Operate (FTO) Report Prepared,4,ICT (Apps and System involving IoT),,
Market Research conducted,4,ICT (Apps and System involving IoT),Market and Commercialization Status,
Identified Potential industry Partner for Industry Testing,4,ICT (Apps and System involving IoT),,
Beta testing successfully conducted with select external users,5,ICT (Apps and System involving IoT),,
"User feedback incorporated to improve system usability, reliability, and performance",5,ICT (Apps and System involving IoT),,
User Guide/manual for system created,5,ICT (Apps and System involving IoT),,
Product promotion Conducted,5,ICT (Apps and System involving IoT),,
Meetings with potential industry partners,5,ICT (Apps and System involving IoT),,
Agreements with industry parters for product testing secured,6,ICT (Apps and System involving IoT),,
System/application deployed for initial industry use,6,ICT (Apps and System involving IoT),,
Core system stable in limited commercial operations,6,ICT (Apps and System involving IoT),,
Technology Commercialization Plan prepared,6,ICT (Apps and System involving IoT),,
IP Valuation Report Prepared,6,ICT (Apps and System involving IoT),,
System stable in industry-scale operations (Stable Release),7,ICT (Apps and System involving IoT),,
Scalable architecture validated under real-world usage,7,ICT (Apps and System involving IoT),,
Secure Letter of Intent for Licensing,7,ICT (Apps and System involving IoT),,
Technology Licensing Terms Undergoing Negotiation,7,ICT (Apps and System involving IoT),,
Business Plan crafted,7,ICT (Apps and System involving IoT),Market and Commercialization Status,
"Processing of Requirements for Data Privacy, Cybersecurity, or applicable ICT regulations Approval/Certification",7,ICT (Apps and System involving IoT),,
System/application ready for full-scale commercial operation (replicable without error),8,ICT (Apps and System involving IoT),,
"Data Privacy, Cybersecurity, or applicable ICT regulations Approval/Certification Secured",8,ICT (Apps and System involving IoT),,
Technology Licensing Terms Negotiated,8,ICT (Apps and System involving IoT),,
Fairness Opinion Review requested,8,ICT (Apps and System involving IoT),Market and Commercialization Status,
Technology Licensing Agreement signed,9,ICT (Apps and System involving IoT),Industry Adoption Status,
System/application fully commercialized and available to target users,9,ICT (Apps and System involving IoT),Market and Commercialization Status,
Material concept identified from AANR resource,1,Natural Resource–Derived Materials,,
Potential material properties identified,1,Natural Resource–Derived Materials,,
Material formulation or composition defined,2,Natural Resource–Derived Materials,,
"Intended application identified (e.g., construction, packaging, handicrafts)",2,Natural Resource–Derived Materials,,
Initial laboratory scale processing method proposed,2,Natural Resource–Derived Materials,,
Laboratory-scale sample produced,3,Natural Resource–Derived Materials,,
"Preliminary testing conducted (e.g., tensile strength, density, absorption)",3,Natural Resource–Derived Materials,,
Proof of Potential Economic Viability,3,Natural Resource–Derived Materials,,
Intellectual Property (IP) Protection Initiated,3,Natural Resource–Derived Materials,,
Repeatable laboratory-scale production achieved,4,Natural Resource–Derived Materials,,
"Standard laboratory tests completed (e.g., ASTM/ISO-aligned methods)",4,Natural Resource–Derived Materials,,
Intellectual Property (IP) Protection filed,4,Natural Resource–Derived Materials,,
Accomplished Initial Business Model Canvas (BMC),4,Natural Resource–Derived Materials,Market and Commercialization Status,
Freedom to Operate (FTO) Report Prepared,4,Natural Resource–Derived Materials,,
Market Research conducted,4,Natural Resource–Derived Materials,Market and Commercialization Status,
Identified Potential industry Partner for Industry Testing,4,Natural Resource–Derived Materials,,
Pilot-scale material production conducted,5,Natural Resource–Derived Materials,,
Performance tested under simulated or relevant conditions,5,Natural Resource–Derived Materials,,
Initial cost and raw material availability assessed,5,Natural Resource–Derived Materials,,
Product promotion Conducted,5,Natural Resource–Derived Materials,,
Meetings with potential industry partners,5,Natural Resource–Derived Materials,,
Prototype material or product fabricated,6,Natural Resource–Derived Materials,,
Agreements with industry parters for product testing secured,6,Natural Resource–Derived Materials,,
"Demonstrated performance in intended application (e.g., wall panel, packaging unit)",6,Natural Resource–Derived Materials,,
Preliminary user or industry feedback obtained,6,Natural Resource–Derived Materials,,
Technology Commercialization Plan prepared,6,Natural Resource–Derived Materials,,
IP Valuation Report Prepared,6,Natural Resource–Derived Materials,,
"Field testing completed (e.g., construction site, packaging trial)",7,Natural Resource–Derived Materials,,
Standardized production protocol/manual established,7,Natural Resource–Derived Materials,,
Submitted for applicable standards assessment,7,Natural Resource–Derived Materials,,
Secure Letter of Intent for Licensing,7,Natural Resource–Derived Materials,,
Technology Licensing Terms Undergoing Negotiation,7,Natural Resource–Derived Materials,,
Business Plan crafted,7,Natural Resource–Derived Materials,Market and Commercialization Status,
Final material specification established,8,Natural Resource–Derived Materials,,
Regulatory or standards compliance completed,8,Natural Resource–Derived Materials,Regulatory Compliance Status,
Scaled-up production process validated,8,Natural Resource–Derived Materials,,
Technology Licensing Terms Negotiated,8,Natural Resource–Derived Materials,,
Fairness Opinion Review requested,8,Natural Resource–Derived Materials,Market and Commercialization Status,
Technology Licensing Agreement signed,9,Natural Resource–Derived Materials,Industry Adoption Status,
Material commercially produced/Commercially available to target users,9,Natural Resource–Derived Materials,Market and Commercialization Status,
Concept Development or Breeding objectives identified,1,New Animal Breed (Aquatic and Terrestrial),Technology Status,
Potential end-users and target markets identified,1,New Animal Breed (Aquatic and Terrestrial),Market and Commercialization Status,
Parent animals with desirable traits Selected,2,New Animal Breed (Aquatic and Terrestrial),,
"Genetics, Lineage, and Breeding Foundation Reviewed",2,New Animal Breed (Aquatic and Terrestrial),,
Target Traits for Improvement Identified,2,New Animal Breed (Aquatic and Terrestrial),,
Preliminary assessment of market demand for target traits,2,New Animal Breed (Aquatic and Terrestrial),,
"Initial crosses, selective breeding, or genetic modification conducted",3,New Animal Breed (Aquatic and Terrestrial),,
Progeny produced and screened for presence of target traits,3,New Animal Breed (Aquatic and Terrestrial),,
Breeding Events Documented,3,New Animal Breed (Aquatic and Terrestrial),,
Proof of Potential Economic Viability,3,New Animal Breed (Aquatic and Terrestrial),,
"Progeny raised under controlled conditions (hatchery, nursery, farm, or experimental facility)",4,New Animal Breed (Aquatic and Terrestrial),,
"Target traits confirmed in progeny (growth, disease resistance, environmental tolerance)",4,New Animal Breed (Aquatic and Terrestrial),,
Early-stage engagement with potential end-users for feedback,4,New Animal Breed (Aquatic and Terrestrial),,
Identified Potential industry Partner for Industry Testing,4,New Animal Breed (Aquatic and Terrestrial),,
Stable lines/strain or family groups selected,5,New Animal Breed (Aquatic and Terrestrial),,
Preliminary field trials conducted in controlled farm/aquaculture plots,5,New Animal Breed (Aquatic and Terrestrial),,
"Data collected for growth, survivability, product quality, and adaptability",5,New Animal Breed (Aquatic and Terrestrial),,
Accomplished Initial Business Model Canvas (BMC),5,New Animal Breed (Aquatic and Terrestrial),Market and Commercialization Status,
Freedom to Operate (FTO) Report Prepared,5,New Animal Breed (Aquatic and Terrestrial),,
Market Research conducted,5,New Animal Breed (Aquatic and Terrestrial),Market and Commercialization Status,
Meetings with potential industry partners,5,New Animal Breed (Aquatic and Terrestrial),,
Agreements with industry parters for product testing secured,6,New Animal Breed (Aquatic and Terrestrial),,
Multi-location trials conducted across diverse environmental conditions,6,New Animal Breed (Aquatic and Terrestrial),,
Engagement with farms/aquaculture operators for breeding and performance testing,6,New Animal Breed (Aquatic and Terrestrial),,
Industry feedback collected,6,New Animal Breed (Aquatic and Terrestrial),,
Regulatory preparation for breed registration or approval initiated,6,New Animal Breed (Aquatic and Terrestrial),Regulatory Compliance Status,
Protocols standardized for propagation of new breed/strain,7,New Animal Breed (Aquatic and Terrestrial),,
Engagement with breeding partners or commercial operators,7,New Animal Breed (Aquatic and Terrestrial),,
Processing of Requirements for Bureau of Animal Industry (BAI) or Philippine Carabao Center (PCC) or National Dairy Authority (NDA) Approval/Certification,7,New Animal Breed (Aquatic and Terrestrial),,
Secure Letter of Intent for Licensing,7,New Animal Breed (Aquatic and Terrestrial),,
Technology Licensing Terms Undergoing Negotiation,7,New Animal Breed (Aquatic and Terrestrial),,
Business Plan crafted,7,New Animal Breed (Aquatic and Terrestrial),Market and Commercialization Status,
Stable and consistent breeding achieved at industry scale,8,New Animal Breed (Aquatic and Terrestrial),,
BAI/PCC/NDA Approval/Certification Secured,8,New Animal Breed (Aquatic and Terrestrial),,
Technology Licensing Terms Negotiated,8,New Animal Breed (Aquatic and Terrestrial),,
Fairness Opinion Review requested,8,New Animal Breed (Aquatic and Terrestrial),Market and Commercialization Status,
Technology Licensing Agreement signed,9,New Animal Breed (Aquatic and Terrestrial),Industry Adoption Status,
New animal breed fully commercialized/Breed commercially available to target users,9,New Animal Breed (Aquatic and Terrestrial),Market and Commercialization Status,
Concept Development or Breeding objectives identified,1,New Plant Variety (Conventional),Technology Status,
Potential end-users and target markets identified,1,New Plant Variety (Conventional),Market and Commercialization Status,
Germplasm Collected,2,New Plant Variety (Conventional),,
"Plant genetics, traits, and breeding foundation reviewed",2,New Plant Variety (Conventional),,
Target traits clearly identified,2,New Plant Variety (Conventional),,
Breeding Planned Prepared,2,New Plant Variety (Conventional),,
"Preliminary market requirements considered (trait relevance, consumer/end-user needs)",2,New Plant Variety (Conventional),,
Initial crosses or mutation events conducted,3,New Plant Variety (Conventional),,
Progeny produced and screened for presence of target traits,3,New Plant Variety (Conventional),,
Proof of Potential Economic Viability,3,New Plant Variety (Conventional),,
Progeny successfully grown under controlled conditions (greenhouse/screenhouse),4,New Plant Variety (Conventional),,
Target traits confirmed in progeny,4,New Plant Variety (Conventional),,
Early-stage feedback from potential seed users,4,New Plant Variety (Conventional),,
Identified Potential industry Partner for Industry Testing,4,New Plant Variety (Conventional),,
Stable and pure lines selected,5,New Plant Variety (Conventional),,
Preliminary field trials conducted in controlled plots,5,New Plant Variety (Conventional),,
Field performance documentation prepared,5,New Plant Variety (Conventional),,
Accomplished Initial Business Model Canvas (BMC),5,New Plant Variety (Conventional),Market and Commercialization Status,
Freedom to Operate (FTO) Report Prepared,5,New Plant Variety (Conventional),,
Market Research conducted,5,New Plant Variety (Conventional),Market and Commercialization Status,
Meetings with potential industry partners,5,New Plant Variety (Conventional),,
Agreements with industry parters for product testing secured,6,New Plant Variety (Conventional),,
Multi-location trials conducted to evaluate performance across environments,6,New Plant Variety (Conventional),,
Engagement with seed growers for seed multiplication tests,6,New Plant Variety (Conventional),,
Industry feedback collected,6,New Plant Variety (Conventional),,
Regulatory preparation for variety registration initiated,6,New Plant Variety (Conventional),Regulatory Compliance Status,
Seed/plant materials production protocol standardized for commercial adoption,7,New Plant Variety (Conventional),,
Submitted to National Seed Industry Council (NSIC) or Department of Agriculture-Bureau of Plant Industry (DA-BPI) for variety testing,7,New Plant Variety (Conventional),,
"Submitted for Distinctness, Uniformity, Stability, (DUS) testing (if Plant Variety Protection-eligible)",7,New Plant Variety (Conventional),,
Secure Letter of Intent for Licensing,7,New Plant Variety (Conventional),,
Technology Licensing Terms Undergoing Negotiation,7,New Plant Variety (Conventional),,
Business Plan crafted,7,New Plant Variety (Conventional),Market and Commercialization Status,
Stable and consistent seed/plant production at industry scale achieved,8,New Plant Variety (Conventional),,
Variety officially registered and released,8,New Plant Variety (Conventional),,
Seed/plant certification or registration obtained,8,New Plant Variety (Conventional),,
Technology Licensing Terms Negotiated,8,New Plant Variety (Conventional),,
Fairness Opinion Review requested,8,New Plant Variety (Conventional),Market and Commercialization Status,
Technology Licensing Agreement signed,9,New Plant Variety (Conventional),Industry Adoption Status,
New plant variety fully commercialized/Variety commercially available to target users,9,New Plant Variety (Conventional),Market and Commercialization Status,
Concept Development or Breeding objectives identified,1,New Plant Variety (Gene-Edited and GM),Technology Status,
Potential end-users and target markets identified,1,New Plant Variety (Gene-Edited and GM),Market and Commercialization Status,
Bioinformatic Analysis of Gene Function/In-silico Studies Conducted,1,New Plant Variety (Gene-Edited and GM),,
Germplasm Collected,2,New Plant Variety (Gene-Edited and GM),,
Marker Developed/Gene Identified,2,New Plant Variety (Gene-Edited and GM),,
"Molecular Construct Planned (CRISPR, RNAi)",2,New Plant Variety (Gene-Edited and GM),,
"Preliminary market requirements considered (relevance, consumer/end-user needs)",2,New Plant Variety (Gene-Edited and GM),,
Genetic Modification Designs Developed (CRISPR/RNAi Constructs),3,New Plant Variety (Gene-Edited and GM),,
Transformation or Gene Editing in Laboratory or Growth Chamber Conducted,3,New Plant Variety (Gene-Edited and GM),,
Controlled Enviroinmental Studies (please specify),3,New Plant Variety (Gene-Edited and GM),,
Institutional Biosafety Committee (IBC) Approval Initiated,3,New Plant Variety (Gene-Edited and GM),,
Proof of Potential Economic Viability,3,New Plant Variety (Gene-Edited and GM),,
Edited/Modified Plant Regenerated,4,New Plant Variety (Gene-Edited and GM),,
"Target Traits Confirmed via Sequencing, PCR, or Marker Analysis",4,New Plant Variety (Gene-Edited and GM),,
Preliminary Phenotyping under Greenhouse Conducted,4,New Plant Variety (Gene-Edited and GM),,
Identified Potential industry Partner for Industry Testing,4,New Plant Variety (Gene-Edited and GM),,
Edited/Modified Lines Evaluated in Greenhouse or Actual Field Plots,5,New Plant Variety (Gene-Edited and GM),,
Agronomic and Phenotypic Data Collected,5,New Plant Variety (Gene-Edited and GM),,
Applied for Regulatory Status Confirmation (RSC) to Department of Agriculture-Bureau of Plant Industry (DA-BPI),5,New Plant Variety (Gene-Edited and GM),Regulatory Compliance Status,
Procesing of DA-BPI Biosafety Permit for Confined Field Trials,5,New Plant Variety (Gene-Edited and GM),,
Contained Field Trial/Confined Test for GM Crops Conducted,5,New Plant Variety (Gene-Edited and GM),,
Accomplished Initial Business Model Canvas (BMC),5,New Plant Variety (Gene-Edited and GM),Market and Commercialization Status,
Freedom to Operate (FTO) Report Prepared,5,New Plant Variety (Gene-Edited and GM),,
Market Research conducted,5,New Plant Variety (Gene-Edited and GM),Market and Commercialization Status,
Meetings with potential industry partners,5,New Plant Variety (Gene-Edited and GM),,
Agreements with industry parters for product testing secured,6,New Plant Variety (Gene-Edited and GM),,
Biosfatey Permit Secured,6,New Plant Variety (Gene-Edited and GM),,
Multi-location Confined Field Trials Conducted,6,New Plant Variety (Gene-Edited and GM),,
Engagement with seed growers for seed multiplication tests,6,New Plant Variety (Gene-Edited and GM),,
Industry feedback collected,6,New Plant Variety (Gene-Edited and GM),,
Regulatory preparation for variety registration initiated,6,New Plant Variety (Gene-Edited and GM),Regulatory Compliance Status,
Seed/plant materials production protocol standardized for commercial adoption,7,New Plant Variety (Gene-Edited and GM),,
Submitted to National Seed Industry Council (NSIC) or Department of Agriculture-Bureau of Plant Industry (DA-BPI) for variety testing,7,New Plant Variety (Gene-Edited and GM),,
"Submitted for Distinctness, Uniformity, Stability, (DUS) testing (if Plant Variety Protection-eligible)",7,New Plant Variety (Gene-Edited and GM),,
Secure Letter of Intent for Licensing,7,New Plant Variety (Gene-Edited and GM),,
Technology Licensing Terms Undergoing Negotiation,7,New Plant Variety (Gene-Edited and GM),,
Business Plan crafted,7,New Plant Variety (Gene-Edited and GM),Market and Commercialization Status,
Stable and consistent seed production at industry scale achieved,8,New Plant Variety (Gene-Edited and GM),,
Variety officially registered and released,8,New Plant Variety (Gene-Edited and GM),,
Seed Certification Obtained,8,New Plant Variety (Gene-Edited and GM),,
Technology Licensing Terms Negotiated,8,New Plant Variety (Gene-Edited and GM),,
Fairness Opinion Review requested,8,New Plant Variety (Gene-Edited and GM),Market and Commercialization Status,
Technology Licensing Agreement signed,9,New Plant Variety (Gene-Edited and GM),Industry Adoption Status,
New plant variety fully commercialized/Variety commercially available to target users,9,New Plant Variety (Gene-Edited and GM),Market and Commercialization Status,
